date,price,predicted_price
2025-12-01 00:00:00+00:00,2155.24,2202.3547
2025-12-01 01:00:00+00:00,2155.25,2283.28
2025-12-01 02:00:00+00:00,2470.32,2450.556
2025-12-01 03:00:00+00:00,3145.01,3054.1113
2025-12-01 04:00:00+00:00,3374.99,3268.8188
2025-12-01 05:00:00+00:00,3400.0,3395.3677
2025-12-01 06:00:00+00:00,3400.0,3389.9624
2025-12-01 07:00:00+00:00,3312.4,3248.795
2025-12-01 08:00:00+00:00,3072.01,3081.5298
2025-12-01 09:00:00+00:00,2875.0,2808.4563
2025-12-01 10:00:00+00:00,2900.01,2979.5557
2025-12-01 11:00:00+00:00,3130.0,3205.4165
2025-12-01 12:00:00+00:00,3299.01,3286.718
2025-12-01 13:00:00+00:00,3400.0,3363.439
2025-12-01 14:00:00+00:00,3400.0,3401.8872
2025-12-01 15:00:00+00:00,3400.0,3402.294
2025-12-01 16:00:00+00:00,3400.0,3397.3345
2025-12-01 17:00:00+00:00,3400.0,3392.0757
2025-12-01 18:00:00+00:00,3400.0,3386.4478
2025-12-01 19:00:00+00:00,3332.74,3264.3389
2025-12-01 20:00:00+00:00,3200.0,3100.8606
2025-12-01 21:00:00+00:00,3350.01,3148.8958
2025-12-01 22:00:00+00:00,3145.0,3041.5298
2025-12-01 23:00:00+00:00,2695.0,2971.1868
2025-12-02 00:00:00+00:00,2849.01,2732.4385
2025-12-02 01:00:00+00:00,2599.0,2689.7183
2025-12-02 02:00:00+00:00,2816.78,2727.594
2025-12-02 03:00:00+00:00,3399.45,3195.0266
2025-12-02 04:00:00+00:00,3400.0,3317.3967
2025-12-02 05:00:00+00:00,3400.0,3413.7039
2025-12-02 06:00:00+00:00,3400.0,3410.9038
2025-12-02 07:00:00+00:00,3400.0,3258.6025
2025-12-02 08:00:00+00:00,2993.0,3103.1924
2025-12-02 09:00:00+00:00,2500.01,2838.2097
2025-12-02 10:00:00+00:00,2900.01,3054.198
2025-12-02 11:00:00+00:00,2993.0,3026.1008
2025-12-02 12:00:00+00:00,3062.0,3325.0164
2025-12-02 13:00:00+00:00,3400.0,3407.9678
2025-12-02 14:00:00+00:00,3400.0,3406.8906
2025-12-02 15:00:00+00:00,3400.0,3406.162
2025-12-02 16:00:00+00:00,3400.0,3402.9905
2025-12-02 17:00:00+00:00,3400.0,3410.1292
2025-12-02 18:00:00+00:00,3400.0,3354.766
2025-12-02 19:00:00+00:00,3390.0,3201.2043
2025-12-02 20:00:00+00:00,3350.0,3132.0737
2025-12-02 21:00:00+00:00,3300.0,3170.037
2025-12-02 22:00:00+00:00,3200.0,3070.047
2025-12-02 23:00:00+00:00,2945.99,2840.767
2025-12-03 00:00:00+00:00,2889.01,2888.1997
2025-12-03 01:00:00+00:00,2877.33,2752.5693
2025-12-03 02:00:00+00:00,2889.0,2852.04
2025-12-03 03:00:00+00:00,3399.46,3189.97
2025-12-03 04:00:00+00:00,3400.0,3308.0674
2025-12-03 05:00:00+00:00,3400.0,3378.8623
2025-12-03 06:00:00+00:00,3400.0,3363.3455
2025-12-03 07:00:00+00:00,3298.0,3305.0256
2025-12-03 08:00:00+00:00,2945.99,3162.3586
2025-12-03 09:00:00+00:00,2400.0,2663.0269
2025-12-03 10:00:00+00:00,2842.99,3001.4587
2025-12-03 11:00:00+00:00,3018.0,3195.5312
2025-12-03 12:00:00+00:00,3193.48,3199.4824
2025-12-03 13:00:00+00:00,3400.0,3404.096
2025-12-03 14:00:00+00:00,3400.0,3376.5977
2025-12-03 15:00:00+00:00,3400.0,3408.4001
2025-12-03 16:00:00+00:00,3400.0,3392.6558
2025-12-03 17:00:00+00:00,3400.0,3382.2915
2025-12-03 18:00:00+00:00,3400.0,3379.1013
2025-12-03 19:00:00+00:00,3018.01,3262.5132
2025-12-03 20:00:00+00:00,3200.0,3185.2192
2025-12-03 21:00:00+00:00,3150.01,3260.8823
2025-12-03 22:00:00+00:00,3200.0,3107.7197
2025-12-03 23:00:00+00:00,2874.33,2893.375
2025-12-04 00:00:00+00:00,2687.33,2854.7139
2025-12-04 01:00:00+00:00,2687.33,2796.2236
2025-12-04 02:00:00+00:00,2699.99,2885.02
2025-12-04 03:00:00+00:00,3245.99,3197.4866
2025-12-04 04:00:00+00:00,3400.0,3301.9805
2025-12-04 05:00:00+00:00,3400.0,3397.9973
2025-12-04 06:00:00+00:00,3400.0,3362.3303
2025-12-04 07:00:00+00:00,3378.1,3262.4795
2025-12-04 08:00:00+00:00,3150.0,3124.535
2025-12-04 09:00:00+00:00,2769.0,2669.6917
2025-12-04 10:00:00+00:00,2937.18,3004.1633
2025-12-04 11:00:00+00:00,3304.73,3167.3508
2025-12-04 12:00:00+00:00,3400.0,3167.4563
2025-12-04 13:00:00+00:00,3400.0,3389.9946
2025-12-04 14:00:00+00:00,3400.0,3394.247
2025-12-04 15:00:00+00:00,3400.0,3377.8013
2025-12-04 16:00:00+00:00,3399.45,3387.2725
2025-12-04 17:00:00+00:00,3098.01,3405.1228
2025-12-04 18:00:00+00:00,3349.99,3347.6272
2025-12-04 19:00:00+00:00,3098.01,3046.7368
2025-12-04 20:00:00+00:00,3050.01,3007.0461
2025-12-04 21:00:00+00:00,3192.01,3117.443
2025-12-04 22:00:00+00:00,3044.23,3021.101
2025-12-04 23:00:00+00:00,2874.24,2765.327
2025-12-05 00:00:00+00:00,2500.99,2553.324
2025-12-05 01:00:00+00:00,2451.0,2491.2278
2025-12-05 02:00:00+00:00,2501.0,2555.0579
2025-12-05 03:00:00+00:00,2874.24,2957.4673
2025-12-05 04:00:00+00:00,3385.0,3243.1614
2025-12-05 05:00:00+00:00,3400.0,3293.7207
2025-12-05 06:00:00+00:00,3400.0,3333.3027
2025-12-05 07:00:00+00:00,3184.06,3075.9736
2025-12-05 08:00:00+00:00,3192.0,2908.3972
2025-12-05 09:00:00+00:00,2250.0,2362.369
2025-12-05 10:00:00+00:00,2386.24,2589.8152
2025-12-05 11:00:00+00:00,2948.74,2827.8474
2025-12-05 12:00:00+00:00,3316.99,3132.619
2025-12-05 13:00:00+00:00,3400.0,3291.2588
2025-12-05 14:00:00+00:00,3400.0,3339.963
2025-12-05 15:00:00+00:00,3399.46,3357.6157
2025-12-05 16:00:00+00:00,3399.45,3344.8083
2025-12-05 17:00:00+00:00,3192.01,3143.94
2025-12-05 18:00:00+00:00,2874.25,3132.0916
2025-12-05 19:00:00+00:00,2210.1,2686.1702
2025-12-05 20:00:00+00:00,1719.98,2604.1968
2025-12-05 21:00:00+00:00,1719.99,2552.8442
2025-12-05 22:00:00+00:00,1719.99,2587.8994
2025-12-05 23:00:00+00:00,1719.99,2224.437
2025-12-06 00:00:00+00:00,1719.99,2165.5803
2025-12-06 01:00:00+00:00,1719.99,2247.9285
2025-12-06 02:00:00+00:00,2393.24,2378.7778
2025-12-06 03:00:00+00:00,2393.24,2684.8755
2025-12-06 04:00:00+00:00,2269.99,3055.018
2025-12-06 05:00:00+00:00,3399.45,3315.7866
2025-12-06 06:00:00+00:00,3399.45,3249.5173
2025-12-06 07:00:00+00:00,3385.0,3086.7266
2025-12-06 08:00:00+00:00,3092.0,3023.5933
2025-12-06 09:00:00+00:00,2927.77,2662.9153
2025-12-06 10:00:00+00:00,3309.24,2719.6323
2025-12-06 11:00:00+00:00,3390.0,3016.183
2025-12-06 12:00:00+00:00,3300.0,3133.8608
2025-12-06 13:00:00+00:00,3399.45,3365.1582
2025-12-06 14:00:00+00:00,3400.0,3385.899
2025-12-06 15:00:00+00:00,3399.46,3368.4934
2025-12-06 16:00:00+00:00,3399.45,3364.4233
2025-12-06 17:00:00+00:00,3150.0,3199.1135
2025-12-06 18:00:00+00:00,3221.7,3099.982
2025-12-06 19:00:00+00:00,2998.0,2724.76
2025-12-06 20:00:00+00:00,2393.25,2761.254
2025-12-06 21:00:00+00:00,2998.0,2614.3894
2025-12-06 22:00:00+00:00,2995.01,2631.0737
2025-12-06 23:00:00+00:00,2377.0,2261.843
2025-12-07 00:00:00+00:00,1999.99,2381.0564
2025-12-07 01:00:00+00:00,1899.99,2511.1052
2025-12-07 02:00:00+00:00,1899.99,2371.971
2025-12-07 03:00:00+00:00,3080.0,2983.0208
2025-12-07 04:00:00+00:00,2998.0,3054.9578
2025-12-07 05:00:00+00:00,2998.01,3107.253
2025-12-07 06:00:00+00:00,2780.0,3035.2043
2025-12-07 07:00:00+00:00,2998.01,2933.9727
2025-12-07 08:00:00+00:00,2903.73,2715.0432
2025-12-07 09:00:00+00:00,2780.0,2330.69
2025-12-07 10:00:00+00:00,3250.01,2947.681
2025-12-07 11:00:00+00:00,2998.01,2929.577
2025-12-07 12:00:00+00:00,2300.0,2986.6711
2025-12-07 13:00:00+00:00,3380.47,3238.6636
2025-12-07 14:00:00+00:00,3399.45,3373.8074
2025-12-07 15:00:00+00:00,3395.0,3377.9363
2025-12-07 16:00:00+00:00,3325.02,3373.3347
2025-12-07 17:00:00+00:00,2996.24,3116.9275
2025-12-07 18:00:00+00:00,3182.0,3047.3784
2025-12-07 19:00:00+00:00,2299.99,2557.3662
2025-12-07 20:00:00+00:00,2323.0,1995.5396
2025-12-07 21:00:00+00:00,3298.0,2826.5486
2025-12-07 22:00:00+00:00,2999.99,2710.345
2025-12-07 23:00:00+00:00,2289.24,2306.8887
2025-12-08 00:00:00+00:00,2289.24,2176.9282
2025-12-08 01:00:00+00:00,2289.25,2231.9265
2025-12-08 02:00:00+00:00,2600.0,2369.3635
2025-12-08 03:00:00+00:00,3050.0,2941.917
2025-12-08 04:00:00+00:00,3100.01,3237.232
2025-12-08 05:00:00+00:00,3400.0,3379.6458
2025-12-08 06:00:00+00:00,3400.0,3304.013
2025-12-08 07:00:00+00:00,3400.0,3271.7803
2025-12-08 08:00:00+00:00,3400.0,3176.448
2025-12-08 09:00:00+00:00,2872.24,2945.062
2025-12-08 10:00:00+00:00,3298.01,3246.9978
2025-12-08 11:00:00+00:00,3400.0,3182.5068
2025-12-08 12:00:00+00:00,3400.0,3246.2537
2025-12-08 13:00:00+00:00,3400.0,3374.2334
2025-12-08 14:00:00+00:00,3400.0,3402.1458
2025-12-08 15:00:00+00:00,3399.45,3381.4902
2025-12-08 16:00:00+00:00,3299.28,3326.405
2025-12-08 17:00:00+00:00,2800.0,3172.3394
2025-12-08 18:00:00+00:00,3150.0,3195.869
2025-12-08 19:00:00+00:00,2900.01,2988.0867
2025-12-08 20:00:00+00:00,2596.25,2677.1116
2025-12-08 21:00:00+00:00,2444.34,3136.7808
2025-12-08 22:00:00+00:00,2278.34,2710.9822
2025-12-08 23:00:00+00:00,1999.99,2221.8445
2025-12-09 00:00:00+00:00,1733.0,2186.3604
2025-12-09 01:00:00+00:00,1899.98,2272.3376
2025-12-09 02:00:00+00:00,2199.99,2283.0386
2025-12-09 03:00:00+00:00,2299.99,3079.936
2025-12-09 04:00:00+00:00,2647.34,3162.236
2025-12-09 05:00:00+00:00,3399.45,3422.739
2025-12-09 06:00:00+00:00,3399.46,3408.8982
2025-12-09 07:00:00+00:00,3399.45,3371.1213
2025-12-09 08:00:00+00:00,3135.74,3236.955
2025-12-09 09:00:00+00:00,2594.01,2828.6484
2025-12-09 10:00:00+00:00,2777.33,3186.2014
2025-12-09 11:00:00+00:00,3090.01,3219.1924
2025-12-09 12:00:00+00:00,2950.0,3231.5908
2025-12-09 13:00:00+00:00,3399.46,3393.1233
2025-12-09 14:00:00+00:00,3400.0,3394.987
2025-12-09 15:00:00+00:00,3390.0,3392.8591
2025-12-09 16:00:00+00:00,3299.0,3326.224
2025-12-09 17:00:00+00:00,2875.99,3180.0637
2025-12-09 18:00:00+00:00,3150.01,3236.8625
2025-12-09 19:00:00+00:00,3090.0,3041.73
2025-12-09 20:00:00+00:00,2950.0,2973.5986
2025-12-09 21:00:00+00:00,2800.01,3062.8347
2025-12-09 22:00:00+00:00,2449.01,2962.4631
2025-12-09 23:00:00+00:00,2272.34,2753.1091
2025-12-10 00:00:00+00:00,2449.0,2656.2988
2025-12-10 01:00:00+00:00,2449.0,2620.0066
2025-12-10 02:00:00+00:00,2577.34,2714.2092
2025-12-10 03:00:00+00:00,3050.0,3163.1426
2025-12-10 04:00:00+00:00,3150.01,3264.6614
2025-12-10 05:00:00+00:00,3400.0,3463.9475
2025-12-10 06:00:00+00:00,3400.0,3462.5042
2025-12-10 07:00:00+00:00,3399.46,3394.0242
2025-12-10 08:00:00+00:00,3090.01,3256.161
2025-12-10 09:00:00+00:00,2577.33,2936.9343
2025-12-10 10:00:00+00:00,2644.01,3126.8853
2025-12-10 11:00:00+00:00,3397.01,3227.7017
2025-12-10 12:00:00+00:00,3400.0,3277.1113
2025-12-10 13:00:00+00:00,3400.0,3439.3472
2025-12-10 14:00:00+00:00,3400.0,3434.1628
2025-12-10 15:00:00+00:00,3400.0,3409.743
2025-12-10 16:00:00+00:00,3400.0,3381.0432
2025-12-10 17:00:00+00:00,3400.0,3275.5776
2025-12-10 18:00:00+00:00,3400.0,3302.6885
2025-12-10 19:00:00+00:00,3250.0,3106.151
2025-12-10 20:00:00+00:00,3100.0,3076.7578
2025-12-10 21:00:00+00:00,3198.1,3019.2156
2025-12-10 22:00:00+00:00,3249.0,2824.2292
2025-12-10 23:00:00+00:00,2695.0,2605.3342
2025-12-11 00:00:00+00:00,2563.34,2543.7927
2025-12-11 01:00:00+00:00,2500.0,2520.8887
2025-12-11 02:00:00+00:00,1721.01,2507.5627
2025-12-11 03:00:00+00:00,1899.98,3110.0718
2025-12-11 04:00:00+00:00,2873.33,3194.3455
2025-12-11 05:00:00+00:00,3400.0,3433.6462
2025-12-11 06:00:00+00:00,3400.0,3449.229
2025-12-11 07:00:00+00:00,3350.0,3432.9385
2025-12-11 08:00:00+00:00,3089.0,3306.3445
2025-12-11 09:00:00+00:00,2649.0,2858.5215
2025-12-11 10:00:00+00:00,2857.18,3093.6196
2025-12-11 11:00:00+00:00,3100.0,3381.6738
2025-12-11 12:00:00+00:00,3248.99,3350.8704
2025-12-11 13:00:00+00:00,3400.0,3412.6458
2025-12-11 14:00:00+00:00,3400.0,3418.7595
2025-12-11 15:00:00+00:00,3400.0,3409.411
2025-12-11 16:00:00+00:00,3390.47,3398.6675
2025-12-11 17:00:00+00:00,3299.99,3308.6646
2025-12-11 18:00:00+00:00,3400.0,3361.4146
2025-12-11 19:00:00+00:00,3143.72,3218.368
2025-12-11 20:00:00+00:00,3140.01,3130.243
2025-12-11 21:00:00+00:00,2999.99,3201.3372
2025-12-11 22:00:00+00:00,2875.0,3171.2515
2025-12-11 23:00:00+00:00,2641.0,2856.4126
2025-12-12 00:00:00+00:00,2487.0,2716.1614
2025-12-12 01:00:00+00:00,2250.0,2765.7986
2025-12-12 02:00:00+00:00,2777.77,2853.694
2025-12-12 03:00:00+00:00,3100.01,3057.4985
2025-12-12 04:00:00+00:00,3150.01,3305.1973
2025-12-12 05:00:00+00:00,3400.0,3453.7783
2025-12-12 06:00:00+00:00,3400.0,3469.3887
2025-12-12 07:00:00+00:00,3378.1,3358.11
2025-12-12 08:00:00+00:00,2450.99,3249.619
2025-12-12 09:00:00+00:00,2541.77,2873.2322
2025-12-12 10:00:00+00:00,2450.99,2977.0876
2025-12-12 11:00:00+00:00,2777.78,3163.2026
2025-12-12 12:00:00+00:00,3334.68,3356.6514
2025-12-12 13:00:00+00:00,3400.0,3447.7102
2025-12-12 14:00:00+00:00,3400.0,3434.3765
2025-12-12 15:00:00+00:00,3400.0,3435.7026
2025-12-12 16:00:00+00:00,3400.0,3394.9465
2025-12-12 17:00:00+00:00,3400.0,3354.7012
2025-12-12 18:00:00+00:00,3390.0,3373.7668
2025-12-12 19:00:00+00:00,3140.01,3102.1938
2025-12-12 20:00:00+00:00,3100.0,3105.0466
2025-12-12 21:00:00+00:00,2989.01,3108.5894
2025-12-12 22:00:00+00:00,2639.77,2933.9016
2025-12-12 23:00:00+00:00,2641.0,2804.4004
2025-12-13 00:00:00+00:00,2777.0,2681.598
2025-12-13 01:00:00+00:00,2599.99,2646.367
2025-12-13 02:00:00+00:00,2441.78,2664.1392
2025-12-13 03:00:00+00:00,2755.39,2898.7383
2025-12-13 04:00:00+00:00,3117.06,2883.3413
2025-12-13 05:00:00+00:00,3400.0,3420.146
2025-12-13 06:00:00+00:00,3368.47,3411.2976
2025-12-13 07:00:00+00:00,3077.0,3324.101
2025-12-13 08:00:00+00:00,3277.99,2806.7913
2025-12-13 09:00:00+00:00,1621.2,2254.4338
2025-12-13 10:00:00+00:00,1719.99,2757.6726
2025-12-13 11:00:00+00:00,2125.0,2900.1018
2025-12-13 12:00:00+00:00,1719.98,3129.3308
2025-12-13 13:00:00+00:00,2622.0,3358.4314
2025-12-13 14:00:00+00:00,3400.0,3372.313
2025-12-13 15:00:00+00:00,3349.0,3406.6328
2025-12-13 16:00:00+00:00,3199.99,3397.5059
2025-12-13 17:00:00+00:00,2699.99,3282.9207
2025-12-13 18:00:00+00:00,3350.01,3323.3877
2025-12-13 19:00:00+00:00,2881.17,2954.7446
2025-12-13 20:00:00+00:00,2639.77,2860.5593
2025-12-13 21:00:00+00:00,2210.11,2761.2148
2025-12-13 22:00:00+00:00,2125.0,2596.5308
2025-12-13 23:00:00+00:00,1999.99,2524.1455
2025-12-14 00:00:00+00:00,2257.0,2555.9324
2025-12-14 01:00:00+00:00,2156.0,2459.2556
2025-12-14 02:00:00+00:00,2884.42,2638.2004
2025-12-14 03:00:00+00:00,3299.0,2913.2773
2025-12-14 04:00:00+00:00,3299.0,2963.414
2025-12-14 05:00:00+00:00,3300.07,3189.621
2025-12-14 06:00:00+00:00,2699.99,2836.4106
2025-12-14 07:00:00+00:00,1599.98,1932.8527
2025-12-14 08:00:00+00:00,1599.98,1708.5585
2025-12-14 09:00:00+00:00,1327.4,1295.1335
2025-12-14 10:00:00+00:00,1740.11,1431.5825
2025-12-14 11:00:00+00:00,1719.99,2188.3284
2025-12-14 12:00:00+00:00,2605.0,2580.257
2025-12-14 13:00:00+00:00,3389.99,3245.8687
2025-12-14 14:00:00+00:00,3400.0,3422.302
2025-12-14 15:00:00+00:00,3400.0,3380.336
2025-12-14 16:00:00+00:00,3390.0,3332.4832
2025-12-14 17:00:00+00:00,3099.97,3162.4797
2025-12-14 18:00:00+00:00,3246.0,3322.0837
2025-12-14 19:00:00+00:00,2499.01,2893.5107
2025-12-14 20:00:00+00:00,2542.04,2739.9993
2025-12-14 21:00:00+00:00,3280.0,2939.3635
2025-12-14 22:00:00+00:00,3118.0,2656.9985
2025-12-14 23:00:00+00:00,2699.01,2437.9177
2025-12-15 00:00:00+00:00,2274.78,2260.7595
2025-12-15 01:00:00+00:00,1719.99,2161.032
2025-12-15 02:00:00+00:00,1732.99,2414.8208
2025-12-15 03:00:00+00:00,2516.99,2946.5713
2025-12-15 04:00:00+00:00,2510.11,3169.8489
2025-12-15 05:00:00+00:00,3400.0,3401.8188
2025-12-15 06:00:00+00:00,3400.0,3282.8906
2025-12-15 07:00:00+00:00,3390.0,3288.0093
2025-12-15 08:00:00+00:00,3199.0,3314.1282
2025-12-15 09:00:00+00:00,2577.77,2753.5916
2025-12-15 10:00:00+00:00,2636.01,3184.566
2025-12-15 11:00:00+00:00,2736.01,3171.9854
2025-12-15 12:00:00+00:00,3041.02,3211.369
2025-12-15 13:00:00+00:00,3400.0,3364.3523
2025-12-15 14:00:00+00:00,3400.0,3407.168
2025-12-15 15:00:00+00:00,3400.0,3395.5642
2025-12-15 16:00:00+00:00,3299.99,3346.8555
2025-12-15 17:00:00+00:00,2945.99,3134.2988
2025-12-15 18:00:00+00:00,3090.0,3273.3853
2025-12-15 19:00:00+00:00,2699.01,2953.369
2025-12-15 20:00:00+00:00,2599.98,2843.1812
2025-12-15 21:00:00+00:00,3299.98,3190.4626
2025-12-15 22:00:00+00:00,3118.4,3034.5254
2025-12-15 23:00:00+00:00,2818.33,2772.4036
2025-12-16 00:00:00+00:00,2451.0,2544.0789
2025-12-16 01:00:00+00:00,2336.33,2573.7495
2025-12-16 02:00:00+00:00,2275.0,2798.1497
2025-12-16 03:00:00+00:00,3250.0,2958.5205
2025-12-16 04:00:00+00:00,3140.0,3070.6006
2025-12-16 05:00:00+00:00,3400.0,3439.9048
2025-12-16 06:00:00+00:00,3400.0,3440.4707
2025-12-16 07:00:00+00:00,3400.0,3385.1064
2025-12-16 08:00:00+00:00,3300.0,3245.962
2025-12-16 09:00:00+00:00,2821.46,2820.007
2025-12-16 10:00:00+00:00,2917.77,3087.1953
2025-12-16 11:00:00+00:00,2599.99,3151.5083
2025-12-16 12:00:00+00:00,3199.0,3112.7822
2025-12-16 13:00:00+00:00,3400.0,3411.203
2025-12-16 14:00:00+00:00,3400.0,3410.7742
2025-12-16 15:00:00+00:00,3400.0,3400.8298
2025-12-16 16:00:00+00:00,3200.0,3312.6426
2025-12-16 17:00:00+00:00,2769.0,3105.8066
2025-12-16 18:00:00+00:00,2843.0,3168.302
2025-12-16 19:00:00+00:00,2427.33,2895.9187
2025-12-16 20:00:00+00:00,2275.0,2757.316
2025-12-16 21:00:00+00:00,2450.99,3114.7087
2025-12-16 22:00:00+00:00,2000.0,2951.5737
2025-12-16 23:00:00+00:00,1999.99,2709.0544
2025-12-17 00:00:00+00:00,2275.0,2590.6663
2025-12-17 01:00:00+00:00,2500.0,2586.3206
2025-12-17 02:00:00+00:00,2754.34,2670.0889
2025-12-17 03:00:00+00:00,3050.01,3215.2854
2025-12-17 04:00:00+00:00,3194.99,3195.473
2025-12-17 05:00:00+00:00,3400.0,3447.3657
2025-12-17 06:00:00+00:00,3400.0,3448.653
2025-12-17 07:00:00+00:00,3129.01,3331.6558
2025-12-17 08:00:00+00:00,2754.33,3180.2253
2025-12-17 09:00:00+00:00,1899.99,2785.5344
2025-12-17 10:00:00+00:00,2684.34,3016.5234
2025-12-17 11:00:00+00:00,2945.99,3166.2793
2025-12-17 12:00:00+00:00,3245.99,3307.473
2025-12-17 13:00:00+00:00,3400.0,3422.3723
2025-12-17 14:00:00+00:00,3400.0,3422.8826
2025-12-17 15:00:00+00:00,3400.0,3418.439
2025-12-17 16:00:00+00:00,3400.0,3348.6616
2025-12-17 17:00:00+00:00,3400.0,3250.7615
2025-12-17 18:00:00+00:00,3400.0,3268.79
2025-12-17 19:00:00+00:00,3316.33,3185.8286
2025-12-17 20:00:00+00:00,3140.01,3100.0613
2025-12-17 21:00:00+00:00,3096.94,3184.8037
2025-12-17 22:00:00+00:00,2924.24,3131.2756
2025-12-17 23:00:00+00:00,2749.98,2947.9368
2025-12-18 00:00:00+00:00,2749.24,2850.6467
2025-12-18 01:00:00+00:00,2683.01,2855.157
2025-12-18 02:00:00+00:00,2749.24,2954.128
2025-12-18 03:00:00+00:00,3330.0,3118.8545
2025-12-18 04:00:00+00:00,3400.0,3244.9846
2025-12-18 05:00:00+00:00,3400.0,3442.969
2025-12-18 06:00:00+00:00,3400.0,3425.1294
2025-12-18 07:00:00+00:00,3130.0,3200.7349
2025-12-18 08:00:00+00:00,2780.0,3155.2952
2025-12-18 09:00:00+00:00,2250.01,2858.973
2025-12-18 10:00:00+00:00,2400.01,3067.7097
2025-12-18 11:00:00+00:00,2450.01,3142.2131
2025-12-18 12:00:00+00:00,2499.01,3301.0183
2025-12-18 13:00:00+00:00,3400.0,3435.151
2025-12-18 14:00:00+00:00,3400.0,3429.4805
2025-12-18 15:00:00+00:00,3400.0,3427.2527
2025-12-18 16:00:00+00:00,3400.0,3412.724
2025-12-18 17:00:00+00:00,3400.0,3402.625
2025-12-18 18:00:00+00:00,3400.0,3400.6548
2025-12-18 19:00:00+00:00,3350.01,3315.1016
2025-12-18 20:00:00+00:00,3160.0,3243.0151
2025-12-18 21:00:00+00:00,3200.0,3174.9922
2025-12-18 22:00:00+00:00,3097.01,3118.244
2025-12-18 23:00:00+00:00,2880.64,2989.0703
2025-12-19 00:00:00+00:00,2830.33,2930.3003
2025-12-19 01:00:00+00:00,2799.01,2916.7927
2025-12-19 02:00:00+00:00,2900.0,3016.57
2025-12-19 03:00:00+00:00,3363.92,3295.224
2025-12-19 04:00:00+00:00,3400.0,3385.6208
2025-12-19 05:00:00+00:00,3400.0,3432.7861
2025-12-19 06:00:00+00:00,3400.0,3440.948
2025-12-19 07:00:00+00:00,3349.02,3231.7444
2025-12-19 08:00:00+00:00,2945.78,3102.2568
2025-12-19 09:00:00+00:00,1899.99,2653.2827
2025-12-19 10:00:00+00:00,1719.99,2844.9702
2025-12-19 11:00:00+00:00,2633.78,2962.8264
2025-12-19 12:00:00+00:00,3012.0,3272.7976
2025-12-19 13:00:00+00:00,3400.0,3441.5166
2025-12-19 14:00:00+00:00,3400.0,3426.6135
2025-12-19 15:00:00+00:00,3400.0,3419.31
2025-12-19 16:00:00+00:00,3400.0,3415.7744
2025-12-19 17:00:00+00:00,3400.0,3412.7815
2025-12-19 18:00:00+00:00,3399.99,3412.4612
2025-12-19 19:00:00+00:00,2997.0,3234.3105
2025-12-19 20:00:00+00:00,2897.35,3111.5034
2025-12-19 21:00:00+00:00,3012.01,3147.7576
2025-12-19 22:00:00+00:00,2847.78,3077.704
2025-12-19 23:00:00+00:00,2696.78,2931.3052
2025-12-20 00:00:00+00:00,2600.0,2914.919
2025-12-20 01:00:00+00:00,2599.98,2905.6467
2025-12-20 02:00:00+00:00,2599.99,2937.6191
2025-12-20 03:00:00+00:00,3012.0,3066.1326
2025-12-20 04:00:00+00:00,3130.0,3393.022
2025-12-20 05:00:00+00:00,3400.0,3441.8467
2025-12-20 06:00:00+00:00,2892.0,3415.1587
2025-12-20 07:00:00+00:00,2469.99,3176.2664
2025-12-20 08:00:00+00:00,2604.99,3031.1348
2025-12-20 09:00:00+00:00,2297.18,2534.447
2025-12-20 10:00:00+00:00,2575.78,2767.4583
2025-12-20 11:00:00+00:00,2696.78,2808.6062
2025-12-20 12:00:00+00:00,2950.01,3031.6643
2025-12-20 13:00:00+00:00,3393.44,3344.7698
2025-12-20 14:00:00+00:00,3400.0,3406.5608
2025-12-20 15:00:00+00:00,3400.0,3403.2139
2025-12-20 16:00:00+00:00,3252.93,3384.0103
2025-12-20 17:00:00+00:00,2950.0,3339.512
2025-12-20 18:00:00+00:00,3400.0,3404.0664
2025-12-20 19:00:00+00:00,3077.77,3119.5676
2025-12-20 20:00:00+00:00,2946.0,3007.831
2025-12-20 21:00:00+00:00,3009.0,3096.9822
2025-12-20 22:00:00+00:00,2800.0,3033.538
2025-12-20 23:00:00+00:00,2501.0,2877.3455
2025-12-21 00:00:00+00:00,2500.99,2829.3123
2025-12-21 01:00:00+00:00,2694.01,2824.8728
2025-12-21 02:00:00+00:00,2694.01,2828.2375
2025-12-21 03:00:00+00:00,3290.0,2975.4104
2025-12-21 04:00:00+00:00,3316.99,2977.3608
2025-12-21 05:00:00+00:00,2800.01,3362.314
2025-12-21 06:00:00+00:00,2600.01,2992.7708
2025-12-21 07:00:00+00:00,3009.0,2753.4712
2025-12-21 08:00:00+00:00,2844.0,2704.1204
2025-12-21 09:00:00+00:00,2275.0,2264.5044
2025-12-21 10:00:00+00:00,2847.75,2538.425
2025-12-21 11:00:00+00:00,3001.96,2830.7964
2025-12-21 12:00:00+00:00,3100.01,3030.8223
2025-12-21 13:00:00+00:00,3249.99,3368.9175
2025-12-21 14:00:00+00:00,3400.0,3404.4915
2025-12-21 15:00:00+00:00,3389.99,3401.4324
2025-12-21 16:00:00+00:00,3287.0,3356.8213
2025-12-21 17:00:00+00:00,2853.0,3193.9502
2025-12-21 18:00:00+00:00,3249.01,3377.8367
2025-12-21 19:00:00+00:00,2939.77,3062.8728
2025-12-21 20:00:00+00:00,2844.01,2911.2502
2025-12-21 21:00:00+00:00,2600.01,2996.0356
2025-12-21 22:00:00+00:00,2595.78,2788.6555
2025-12-21 23:00:00+00:00,2125.0,2623.0576
2025-12-22 00:00:00+00:00,2250.01,2329.1748
2025-12-22 01:00:00+00:00,2125.0,2324.2478
2025-12-22 02:00:00+00:00,2404.77,2414.2583
2025-12-22 03:00:00+00:00,2871.96,3115.7632
2025-12-22 04:00:00+00:00,2874.78,3226.8352
2025-12-22 05:00:00+00:00,3400.0,3302.3015
2025-12-22 06:00:00+00:00,3400.0,3320.1914
2025-12-22 07:00:00+00:00,3390.0,3268.2148
2025-12-22 08:00:00+00:00,3379.01,3194.3665
2025-12-22 09:00:00+00:00,2734.0,2765.503
2025-12-22 10:00:00+00:00,2918.74,2960.4407
2025-12-22 11:00:00+00:00,3115.59,3097.7168
2025-12-22 12:00:00+00:00,3177.88,3150.2405
2025-12-22 13:00:00+00:00,3400.0,3371.923
2025-12-22 14:00:00+00:00,3400.0,3397.2974
2025-12-22 15:00:00+00:00,3400.0,3377.1626
2025-12-22 16:00:00+00:00,3300.0,3314.0784
2025-12-22 17:00:00+00:00,2600.0,3053.0388
2025-12-22 18:00:00+00:00,3200.0,3276.0056
2025-12-22 19:00:00+00:00,2799.99,2971.3928
2025-12-22 20:00:00+00:00,2784.0,2850.0132
2025-12-22 21:00:00+00:00,2909.94,3011.4702
2025-12-22 22:00:00+00:00,2827.34,2721.3481
2025-12-22 23:00:00+00:00,2200.04,2525.9302
2025-12-23 00:00:00+00:00,2399.99,2284.677
2025-12-23 01:00:00+00:00,2547.33,2298.0945
2025-12-23 02:00:00+00:00,2599.99,2390.5386
2025-12-23 03:00:00+00:00,2600.01,2986.6902
2025-12-23 04:00:00+00:00,2200.0,3064.9233
2025-12-23 05:00:00+00:00,3400.0,3433.1519
2025-12-23 06:00:00+00:00,3400.0,3432.8645
2025-12-23 07:00:00+00:00,3400.0,3407.2898
2025-12-23 08:00:00+00:00,3400.0,3406.9426
2025-12-23 09:00:00+00:00,3250.0,2904.6746
2025-12-23 10:00:00+00:00,3400.0,3172.2922
2025-12-23 11:00:00+00:00,3400.0,3186.2847
2025-12-23 12:00:00+00:00,3400.0,3292.8882
2025-12-23 13:00:00+00:00,3400.0,3425.3118
2025-12-23 14:00:00+00:00,3400.0,3426.9412
2025-12-23 15:00:00+00:00,3400.0,3430.3284
2025-12-23 16:00:00+00:00,3400.0,3357.8303
2025-12-23 17:00:00+00:00,3299.99,3005.322
2025-12-23 18:00:00+00:00,3399.0,3273.2683
2025-12-23 19:00:00+00:00,3140.01,3030.6667
2025-12-23 20:00:00+00:00,3140.01,2991.007
2025-12-23 21:00:00+00:00,3085.01,3085.1956
2025-12-23 22:00:00+00:00,2946.0,2920.0188
2025-12-23 23:00:00+00:00,2718.33,2717.2483
2025-12-24 00:00:00+00:00,2667.34,2676.6343
2025-12-24 01:00:00+00:00,2695.01,2737.5366
2025-12-24 02:00:00+00:00,2667.34,2838.5215
2025-12-24 03:00:00+00:00,3400.0,3052.148
2025-12-24 04:00:00+00:00,3400.0,3244.7202
2025-12-24 05:00:00+00:00,3400.0,3469.0774
2025-12-24 06:00:00+00:00,3400.0,3484.6128
2025-12-24 07:00:00+00:00,3400.0,3411.4954
2025-12-24 08:00:00+00:00,3347.99,3405.3809
2025-12-24 09:00:00+00:00,2818.33,3046.803
2025-12-24 10:00:00+00:00,2867.18,3130.404
2025-12-24 11:00:00+00:00,2946.0,3320.5989
2025-12-24 12:00:00+00:00,3150.01,3408.5625
2025-12-24 13:00:00+00:00,3400.0,3456.0232
2025-12-24 14:00:00+00:00,3400.0,3442.2341
2025-12-24 15:00:00+00:00,3400.0,3430.2266
2025-12-24 16:00:00+00:00,3400.0,3399.9248
2025-12-24 17:00:00+00:00,3400.0,3320.711
2025-12-24 18:00:00+00:00,3400.0,3407.78
2025-12-24 19:00:00+00:00,3150.0,3175.5613
2025-12-24 20:00:00+00:00,3100.0,3099.5286
2025-12-24 21:00:00+00:00,2994.01,3151.6296
2025-12-24 22:00:00+00:00,2913.16,3068.9084
2025-12-24 23:00:00+00:00,2700.01,2934.3206
2025-12-25 00:00:00+00:00,2299.99,2778.8047
2025-12-25 01:00:00+00:00,2442.33,2828.3398
2025-12-25 02:00:00+00:00,2735.94,2870.91
2025-12-25 03:00:00+00:00,3145.01,3133.251
2025-12-25 04:00:00+00:00,3400.0,3296.0022
2025-12-25 05:00:00+00:00,3400.0,3395.9163
2025-12-25 06:00:00+00:00,3400.0,3441.2856
2025-12-25 07:00:00+00:00,3400.0,3372.2903
2025-12-25 08:00:00+00:00,3400.0,3303.9368
2025-12-25 09:00:00+00:00,2937.34,2890.854
2025-12-25 10:00:00+00:00,3347.99,3056.478
2025-12-25 11:00:00+00:00,3400.0,3117.7637
2025-12-25 12:00:00+00:00,3389.99,3239.152
2025-12-25 13:00:00+00:00,3400.0,3411.487
2025-12-25 14:00:00+00:00,3400.0,3397.645
2025-12-25 15:00:00+00:00,3400.0,3405.1296
2025-12-25 16:00:00+00:00,3287.33,3417.1624
2025-12-25 17:00:00+00:00,2983.33,3409.781
2025-12-25 18:00:00+00:00,3179.95,3409.2715
2025-12-25 19:00:00+00:00,3099.01,3232.9023
2025-12-25 20:00:00+00:00,2983.34,3143.962
2025-12-25 21:00:00+00:00,3245.99,3169.5852
2025-12-25 22:00:00+00:00,2924.3,3015.4438
2025-12-25 23:00:00+00:00,2582.24,2737.5796
2025-12-26 00:00:00+00:00,2582.25,2594.9133
2025-12-26 01:00:00+00:00,2499.99,2567.3142
2025-12-26 02:00:00+00:00,2582.24,2691.4397
2025-12-26 03:00:00+00:00,2814.89,2971.166
2025-12-26 04:00:00+00:00,2987.25,3286.6072
2025-12-26 05:00:00+00:00,3400.0,3465.2134
2025-12-26 06:00:00+00:00,3400.0,3454.2627
2025-12-26 07:00:00+00:00,3400.0,3443.1714
2025-12-26 08:00:00+00:00,3400.0,3361.5403
2025-12-26 09:00:00+00:00,3108.88,2886.01
2025-12-26 10:00:00+00:00,3390.0,3156.8635
2025-12-26 11:00:00+00:00,3400.0,3267.254
2025-12-26 12:00:00+00:00,3400.0,3333.7253
2025-12-26 13:00:00+00:00,3400.0,3419.8652
2025-12-26 14:00:00+00:00,3400.0,3402.5884
2025-12-26 15:00:00+00:00,3400.0,3401.7136
2025-12-26 16:00:00+00:00,3400.0,3368.5637
2025-12-26 17:00:00+00:00,3390.0,3301.7527
2025-12-26 18:00:00+00:00,3400.0,3321.3667
2025-12-26 19:00:00+00:00,3299.01,3170.1975
2025-12-26 20:00:00+00:00,3160.0,3117.3577
2025-12-26 21:00:00+00:00,3400.0,3209.9065
2025-12-26 22:00:00+00:00,3400.0,3095.058
2025-12-26 23:00:00+00:00,3370.01,2838.4263
2025-12-27 00:00:00+00:00,2744.0,2741.3542
2025-12-27 01:00:00+00:00,2579.24,2686.5735
2025-12-27 02:00:00+00:00,2267.25,2675.6062
2025-12-27 03:00:00+00:00,2579.24,2867.1907
2025-12-27 04:00:00+00:00,2721.25,3068.2388
2025-12-27 05:00:00+00:00,3400.0,3404.7275
2025-12-27 06:00:00+00:00,3400.0,3374.9055
2025-12-27 07:00:00+00:00,3400.0,3356.539
2025-12-27 08:00:00+00:00,3400.0,3199.8984
2025-12-27 09:00:00+00:00,2905.75,2757.7627
2025-12-27 10:00:00+00:00,2859.24,3152.3662
2025-12-27 11:00:00+00:00,2721.24,3206.0415
2025-12-27 12:00:00+00:00,2606.44,3246.7896
2025-12-27 13:00:00+00:00,2967.25,3337.2993
2025-12-27 14:00:00+00:00,3400.0,3386.2222
2025-12-27 15:00:00+00:00,3389.46,3384.3174
2025-12-27 16:00:00+00:00,3300.0,3354.9517
2025-12-27 17:00:00+00:00,3181.5,3238.8113
2025-12-27 18:00:00+00:00,3400.0,3373.4878
2025-12-27 19:00:00+00:00,3250.0,3201.575
2025-12-27 20:00:00+00:00,3082.25,3038.5261
2025-12-27 21:00:00+00:00,3149.99,3220.4219
2025-12-27 22:00:00+00:00,3140.0,3128.5054
2025-12-27 23:00:00+00:00,2827.25,2905.851
2025-12-28 00:00:00+00:00,3100.01,2827.7993
2025-12-28 01:00:00+00:00,2867.74,2584.8005
2025-12-28 02:00:00+00:00,2615.99,2537.1887
2025-12-28 03:00:00+00:00,2946.0,2907.1748
2025-12-28 04:00:00+00:00,3379.01,2979.6226
2025-12-28 05:00:00+00:00,2600.0,3005.0823
2025-12-28 06:00:00+00:00,1719.98,2753.868
2025-12-28 07:00:00+00:00,1314.1,1923.8002
2025-12-28 08:00:00+00:00,1599.98,1753.509
2025-12-28 09:00:00+00:00,1263.63,1230.09
2025-12-28 10:00:00+00:00,1719.99,1657.244
2025-12-28 11:00:00+00:00,1799.99,2474.23
2025-12-28 12:00:00+00:00,1719.99,2673.6934
2025-12-28 13:00:00+00:00,3189.08,3077.1333
2025-12-28 14:00:00+00:00,3400.0,3338.7322
2025-12-28 15:00:00+00:00,3400.0,3312.1318
2025-12-28 16:00:00+00:00,3400.0,3265.2947
2025-12-28 17:00:00+00:00,3400.0,3130.6929
2025-12-28 18:00:00+00:00,3400.0,3323.6633
2025-12-28 19:00:00+00:00,2897.27,3092.6475
2025-12-28 20:00:00+00:00,2275.0,2817.6807
2025-12-28 21:00:00+00:00,2899.99,3029.0122
2025-12-28 22:00:00+00:00,2300.0,2895.44
2025-12-28 23:00:00+00:00,2379.25,2624.7798
2025-12-29 00:00:00+00:00,2399.98,2598.097
2025-12-29 01:00:00+00:00,2470.0,2340.919
2025-12-29 02:00:00+00:00,2876.0,2533.8625
2025-12-29 03:00:00+00:00,3195.0,2876.6526
2025-12-29 04:00:00+00:00,3300.0,3124.4773
2025-12-29 05:00:00+00:00,3400.0,3362.0266
2025-12-29 06:00:00+00:00,3400.0,3470.4863
2025-12-29 07:00:00+00:00,3400.0,3444.4556
2025-12-29 08:00:00+00:00,3400.0,3309.9133
2025-12-29 09:00:00+00:00,2941.24,2949.4705
2025-12-29 10:00:00+00:00,3130.0,3182.4521
2025-12-29 11:00:00+00:00,3067.24,3245.8982
2025-12-29 12:00:00+00:00,3067.25,3284.998
2025-12-29 13:00:00+00:00,3400.0,3331.2742
2025-12-29 14:00:00+00:00,3400.0,3418.816
2025-12-29 15:00:00+00:00,3400.0,3414.9697
2025-12-29 16:00:00+00:00,3400.0,3367.1309
2025-12-29 17:00:00+00:00,3300.0,3284.548
2025-12-29 18:00:00+00:00,3398.99,3384.6377
2025-12-29 19:00:00+00:00,3100.0,2981.8774
2025-12-29 20:00:00+00:00,3087.17,2896.611
2025-12-29 21:00:00+00:00,3210.8,2986.4016
2025-12-29 22:00:00+00:00,2900.01,2831.5908
2025-12-29 23:00:00+00:00,2800.01,2447.5764
2025-12-30 00:00:00+00:00,2500.01,2458.5488
2025-12-30 01:00:00+00:00,2000.0,2347.432
2025-12-30 02:00:00+00:00,1899.99,2523.8005
2025-12-30 03:00:00+00:00,2900.0,2983.9238
2025-12-30 04:00:00+00:00,3400.0,3196.0522
2025-12-30 05:00:00+00:00,3400.0,3353.284
2025-12-30 06:00:00+00:00,3400.0,3343.6978
2025-12-30 07:00:00+00:00,3344.45,3099.697
2025-12-30 08:00:00+00:00,3199.0,3096.806
2025-12-30 09:00:00+00:00,1719.98,2446.3035
2025-12-30 10:00:00+00:00,1899.99,2679.1267
2025-12-30 11:00:00+00:00,1799.99,2870.4558
2025-12-30 12:00:00+00:00,2900.5,2836.7546
2025-12-30 13:00:00+00:00,3299.99,3300.7976
2025-12-30 14:00:00+00:00,3400.0,3377.363
2025-12-30 15:00:00+00:00,3400.0,3366.4045
2025-12-30 16:00:00+00:00,2910.11,3358.3525
2025-12-30 17:00:00+00:00,2999.99,3255.0977
2025-12-30 18:00:00+00:00,3400.0,3347.304
2025-12-30 19:00:00+00:00,2919.0,2877.2754
2025-12-30 20:00:00+00:00,2819.0,2718.2004
2025-12-30 21:00:00+00:00,2799.98,2613.0032
2025-12-30 22:00:00+00:00,2410.11,2373.2422
2025-12-30 23:00:00+00:00,1830.84,2115.7712
2025-12-31 00:00:00+00:00,2125.0,1790.8573
2025-12-31 01:00:00+00:00,1800.01,1857.5796
2025-12-31 02:00:00+00:00,2125.0,1946.8389
2025-12-31 03:00:00+00:00,2817.0,2647.5298
2025-12-31 04:00:00+00:00,2399.98,3084.3137
2025-12-31 05:00:00+00:00,3349.99,3412.9214
2025-12-31 06:00:00+00:00,3400.0,3393.8699
2025-12-31 07:00:00+00:00,3400.0,3295.3223
2025-12-31 08:00:00+00:00,3400.0,3269.0203
2025-12-31 09:00:00+00:00,3400.0,2820.8196
2025-12-31 10:00:00+00:00,3400.0,2975.0085
2025-12-31 11:00:00+00:00,3400.0,3017.0208
2025-12-31 12:00:00+00:00,3245.99,3140.0403
2025-12-31 13:00:00+00:00,3299.39,3329.0193
2025-12-31 14:00:00+00:00,3400.0,3400.761
2025-12-31 15:00:00+00:00,3400.0,3398.6274
2025-12-31 16:00:00+00:00,3000.0,3214.4568
2025-12-31 17:00:00+00:00,2563.34,3241.0217
2025-12-31 18:00:00+00:00,2933.33,3354.2893
2025-12-31 19:00:00+00:00,2917.77,2934.4473
2025-12-31 20:00:00+00:00,2917.78,2872.2168
